Name, Age, Experience, Salary
Sam, 28, 4, 82000
Sophia, 31, 5, 67000
John, 26, 2, 45000
Martha, 25, 2, 55000
Emily, 29, 6, 94000
William, 30, 5, 78000
Michael, 23, 1, 41000
Luke, 33, 7, 99000
Olivia, 27, 4, 72000
Grace, 24, 3, 60000
Alice, 28, 4, 83000
Ethan, 32, 6, 92000
Lily, 23, 1, 42000
James, 31, 5, 76000
Mia, 25, 2, 53000
Benjamin, 30, 5, 80000
Ava, 34, 7, 98000
Oliver, 29, 4, 71000
Charlotte, 22, 1, 43000
Jacob, 27, 3, 62000
Sophia, 32, 6, 93000
Emily, 24, 2, 47000
Olivia, 30, 5, 79000
Henry, 25, 2, 54000
Emma, 28, 4, 85000
Harper, 23, 1, 44000
Liam, 33, 7, 99000
Ava, 26, 3, 66000
Lucas, 31, 6, 89000
Avery, 29, 5, 75000
Madison, 27, 3, 63000
Carter, 24, 2, 46000
Isabella, 30, 6, 90000
Evelyn, 32, 7, 97000
Michael, 22, 1, 41000
Lucas, 28, 4, 86000
Abigail, 25, 2, 53000
Harper, 26, 3, 65000
Olivia, 32, 7, 95000
Ella, 29, 5, 76000
Benjamin, 24, 2, 48000
Emily, 30, 6, 91000
Grace, 23, 1, 44000
Sophia, 27, 3, 61000
Ava, 26, 3, 64000
Olivia, 30, 6, 90000
Henry, 22, 1, 40000
Liam, 34, 7, 98000
Ella, 29, 5, 75000
Benjamin, 24, 2, 48000
Ethan, 32, 6, 93000
Charlotte, 26, 3, 66000
Lily, 25, 2, 51000
Sophia, 28, 4, 83000
Evelyn, 31, 6, 88000
Madison, 23, 1, 44000
James, 27, 3, 62000
Oliver, 33, 7, 97000
Ava, 30, 5, 80000
Isabella, 22, 1, 40000
Lucas, 28, 4, 86000
Emma, 25, 2, 53000
Harper, 26, 3, 65000
Olivia, 32, 7, 95000
Henry, 29, 5, 77000
Ella, 24, 2, 47000
Avery, 31, 6, 87000
Lucas, 27, 3, 61000
Evelyn, 30, 5, 80000
Ava, 28, 4, 84000
Ella, 22, 1, 40000
Isabella, 26, 3, 64000
Charlotte, 31, 6, 89000
Oliver, 29, 4, 82000
Harper, 25, 2, 54000
Emma, 32, 6, 94000
Jacob, 26, 3, 63000
Sophia, 33, 7, 97000
Ella, 22, 1, 42000
Oliver, 30, 5, 79000
Emily, 28, 4, 82000
Avery, 33, 7, 96000
William, 31, 6, 88000
Mia, 29, 5, 75000
Grace, 23, 1, 41000
Sophia, 27, 3, 62000
Henry, 30, 5, 79000
Lily, 28, 4, 84000
James, 24, 2, 46000
Emma, 26, 3, 65000
Ava, 32, 6, 92000
Jacob, 25, 2, 55000
Sophia, 31, 6, 89000
Ella, 29, 4, 81000
Oliver, 23, 1, 42000
John, 27, 3, 61000
Sam, 33, 7, 97000
Avery, 30, 5, 80000
Lucas, 22, 1, 43000
Emily, 28, 4, 86000
Isabella, 25, 2, 52000
Grace, 26, 3, 65000
Olivia, 32, 7, 95000
Ava, 29, 5, 76000
Jacob, 24, 2, 48000
Ella, 30, 6, 90000
Mia, 23, 1, 44000
Henry, 27, 3, 62000
Sophia, 32, 6, 93000
Avery, 31, 6, 89000
Liam, 28, 4, 83000
Evelyn, 22, 1, 43000
Sam, 34, 7, 98000
Oliver, 29, 5, 77000
Sophia, 24, 2, 46000
Emily, 32, 6, 94000
Ava, 26, 3, 64000
Lucas, 31, 6, 87000
Mia, 28, 4, 85000
Isabella, 25, 2, 53000
Liam, 23, 1, 41000
Grace, 29, 5, 77000
Jacob, 27, 3, 62000
Avery, 33, 7, 96000
Ella, 30, 5, 80000
Olivia, 22, 1, 40000
James, 28, 4, 86000
Charlotte, 26, 3, 66000
Michael, 31, 6, 89000
Sophia, 30, 5, 80000
Jacob, 27, 3, 63000
Evelyn, 22, 1, 40000
Sam, 34, 7, 98000
Luke, 29, 5, 76000
Sophia, 24, 2, 47000
Liam, 32, 6, 92000
Ella, 30, 6, 91000
William, 26, 3, 64000
Mia, 31, 6, 88000
Avery, 29, 5, 75000
Olivia, 23, 1, 44000
Evelyn, 27, 4, 72000
Sophia, 32, 7, 95000
William, 24, 2, 46000
James, 30, 5, 78000
Sam, 22, 1, 42000
Charlotte, 33, 7, 99000
Ava, 25, 2, 54000
Liam, 31, 6, 88000
Emily, 28, 4, 86000
Isabella, 26, 3, 66000
Lucas, 29, 5, 75000
Oliver, 23, 1, 41000
Jacob, 30, 5, 80000
Mia, 33, 7, 96000
Avery, 27, 3, 63000
Ella, 32, 6, 92000
Sophia, 28, 4, 83000
William, 24, 2, 46000
Evelyn, 31, 6, 87000
Olivia, 29, 4, 82000
Emily, 25, 2, 53000
Liam, 22, 1, 44000
Sam, 26, 3, 65000
Jacob, 31, 6, 89000
Isabella, 30, 5, 79000
Mia, 28, 4, 84000
Avery, 23, 1, 42000
Lucas, 33, 7, 99000
Sophia, 25, 2, 52000
Ella, 29, 5, 76000
William, 26, 3, 66000
Oliver, 32, 6, 93000
Grace, 27, 3, 62000
Emily, 23, 1, 44000
Jacob, 30, 6, 91000
Avery, 32, 6, 92000
Isabella, 29, 4, 81000
Sophia, 22, 1, 43000
Mia, 28, 4, 84000
Sam, 25, 2, 55000
Olivia, 27, 3, 61000
Jacob, 30, 5, 80000
Sophia, 33, 7, 97000
Liam, 31, 6, 89000
Ella, 23, 1, 44000
William, 26, 3, 66000
Lucas, 29, 5, 75000
Emily, 24, 2, 46000
Oliver, 30, 5, 79000
Mia, 28, 4, 82000
Avery, 32, 6, 93000
Jacob, 25, 2, 54000
Ella, 27, 3, 62000
Sophia, 31, 6, 89000
Olivia, 29, 5, 76000
Grace, 24, 2, 48000
William, 30, 5, 80000
Liam, 22, 1, 42000
Avery, 26, 3, 64000
Emily, 34, 7, 98000
Jacob, 32, 6, 92000
Mia, 31, 6, 88000
Olivia, 23, 1, 44000
Ella, 27, 3, 61000
Sam, 28, 4, 82000
Sophia, 31, 5, 67000
John, 26, 2, 45000
Martha, 25, 2, 55000
Emily, 29, 6, 94000
William, 30, 5, 78000
Michael, 23, 1, 41000
Luke, 33, 7, 99000
Olivia, 27, 4, 72000
Grace, 24, 3, 60000
Alice, 28, 4, 83000
Ethan, 32, 6, 92000
Lily, 23, 1, 42000
James, 31, 5, 76000
Mia, 25, 2, 53000
Benjamin, 30, 5, 80000
Ava, 34, 7, 98000
Oliver, 29, 4, 71000
Charlotte, 22, 1, 43000
Jacob, 27, 3, 62000
Sophia, 32, 6, 93000
Emily, 24, 2, 47000
Olivia, 30, 5, 79000
Henry, 25, 2, 54000
Emma, 28, 4, 85000
Harper, 23, 1, 44000
Liam, 33, 7, 99000
Ava, 26, 3, 66000
Lucas, 31, 6, 89000
Avery, 29, 5, 75000
Madison, 27, 3, 63000
Carter, 24, 2, 46000
Isabella, 30, 6, 90000
Evelyn, 32, 7, 97000
Michael, 22, 1, 41000
Lucas, 28, 4, 86000
Abigail, 25, 2, 53000
Harper, 26, 3, 65000
Olivia, 32, 7, 95000
Ella, 29, 5, 76000
Benjamin, 24, 2, 48000
Emily, 30, 6, 91000
Grace, 23, 1, 44000
Sophia, 27, 3, 61000
Ava, 26, 3, 64000
Olivia, 30, 6, 90000
Henry, 22, 1, 40000
Liam, 34, 7, 98000
Ella, 29, 5, 75000
Benjamin, 24, 2, 48000
Ethan, 32, 6, 93000
Charlotte, 26, 3, 66000
Lily, 25, 2, 51000
Sophia, 28, 4, 83000
Evelyn, 31, 6, 88000
Madison, 23, 1, 44000
James, 27, 3, 62000
Oliver, 33, 7, 97000
Ava, 30, 5, 80000
Isabella, 22, 1, 40000
Lucas, 28, 4, 86000
Emma, 25, 2, 53000
Harper, 26, 3, 65000
Olivia, 32, 7, 95000
Henry, 29, 5, 77000
Ella, 24, 2, 47000
Avery, 31, 6, 87000
Lucas, 27, 3, 61000
Evelyn, 30, 5, 80000
Ava, 28, 4, 84000
Ella, 22, 1, 40000
Isabella, 26, 3, 64000
Charlotte, 31, 6, 89000
Oliver, 29, 4, 82000
Harper, 25, 2, 54000
Emma, 32, 6, 94000
Jacob, 26, 3, 63000
Sophia, 33, 7, 97000
Ella, 22, 1, 42000
Oliver, 30, 5, 79000
Emily, 28, 4, 82000
Avery, 33, 7, 96000
William, 31, 6, 88000
Mia, 29, 5, 75000
Grace, 23, 1, 41000
Sophia, 27, 3, 62000
Henry, 30, 5, 79000
Lily, 28, 4, 84000
James, 24, 2, 46000
Emma, 26, 3, 65000
Ava, 32, 6, 92000
Jacob, 25, 2, 55000
Sophia, 31, 6, 89000
Ella, 29, 4, 81000
Oliver, 23, 1, 42000
John, 27, 3, 61000
Sam, 33, 7, 97000
Avery, 30, 5, 80000
Lucas, 22, 1, 43000
Emily, 28, 4, 86000
Isabella, 25, 2, 52000
Grace, 26, 3, 65000
Olivia, 32, 7, 95000
Ava, 29, 5, 76000
Jacob, 24, 2, 48000
Ella, 30, 6, 90000
Mia, 23, 1, 44000
Henry, 27, 3, 62000
Sophia, 32, 6, 93000
Avery, 31, 6, 89000
Liam, 28, 4, 83000
Evelyn, 22, 1, 43000
Sam, 34, 7, 98000
Oliver, 29, 5, 77000
Sophia, 24, 2, 46000
Emily, 32, 6, 94000
Ava, 26, 3, 64000
Lucas, 31, 6, 87000
Mia, 28, 4, 85000
Isabella, 25, 2, 53000
Liam, 23, 1, 41000
Grace, 29, 5, 77000
Jacob, 27, 3, 62000
Avery, 33, 7, 96000
Ella, 30, 5, 80000
Olivia, 22, 1, 40000
James, 28, 4, 86000
Charlotte, 26, 3, 66000
Michael, 31, 6, 89000
Sophia, 30, 5, 80000
Jacob, 27, 3, 63000
Evelyn, 22, 1, 40000
Sam, 34, 7, 98000
Luke, 29, 5, 76000
Sophia, 24, 2, 47000
Liam, 32, 6, 92000
Ella, 30, 6, 91000
William, 26, 3, 64000
Mia, 31, 6, 88000
Avery, 29, 5, 75000
Olivia, 23, 1, 44000
Evelyn, 27, 4, 72000
Sophia, 32, 7, 95000
William, 24, 2, 46000
James, 30, 5, 78000
Sam, 22, 1, 42000
Charlotte, 33, 7, 99000
Ava, 25, 2, 54000
Liam, 31, 6, 88000
Emily, 28, 4, 86000
Isabella, 26, 3, 66000
Lucas, 29, 5, 75000
Oliver, 23, 1, 41000
Jacob, 30, 5, 80000
Mia, 33, 7, 96000
Avery, 27, 3, 63000
Ella, 32, 6, 92000
Sophia, 28, 4, 83000
William, 24, 2, 46000
Evelyn, 31, 6, 87000
Olivia, 29, 4, 82000
Emily, 25, 2, 53000
Liam, 22, 1, 44000
Sam, 26, 3, 65000
Jacob, 31, 6, 89000
Isabella, 30, 5, 79000
Mia, 28, 4, 84000
Avery, 23, 1, 42000
Lucas, 33, 7, 99000
Sophia, 25, 2, 52000
Ella, 29, 5, 76000
William, 26, 3, 66000
Oliver, 32, 6, 93000
Grace, 27, 3, 62000
Emily, 23, 1, 44000
Jacob, 30, 6, 91000
Avery, 32, 6, 92000
Isabella, 29, 4, 81000
Sophia, 22, 1, 43000
Mia, 28, 4, 84000
Sam, 25, 2, 55000
Olivia, 27, 3, 61000
Jacob, 30, 5, 80000
Sophia, 33, 7, 97000
Liam, 31, 6, 89000
Ella, 23, 1, 44000
William, 26, 3, 66000
Lucas, 29, 5, 75000
Emily, 24, 2, 46000
Oliver, 30, 5, 79000
Mia, 28, 4, 82000
Avery, 32, 6, 93000
Jacob, 25, 2, 54000
Ella, 27, 3, 62000
Sophia, 31, 6, 89000
Olivia, 29, 5, 76000
Grace, 24, 2, 48000
William, 30, 5, 80000
Liam, 22, 1, 42000
Avery, 26, 3, 64000
Emily, 34, 7, 98000
Jacob, 32, 6, 92000
Mia, 31, 6, 88000
Olivia, 23, 1, 44000
Ella, 27, 3, 61000
Sam, 28, 4, 82000
Sophia, 31, 5, 67000
John, 26, 2, 45000
Martha, 25, 2, 55000
Emily, 29, 6, 94000
William, 30, 5, 78000
Michael, 23, 1, 41000
Luke, 33, 7, 99000
Olivia, 27, 4, 72000
Grace, 24, 3, 60000
Alice, 28, 4, 83000
Ethan, 32, 6, 92000
Lily, 23, 1, 42000
James, 31, 5, 76000
Mia, 25, 2, 53000
Benjamin, 30, 5, 80000
Ava, 34, 7, 98000
Oliver, 29, 4, 71000
Charlotte, 22, 1, 43000
Jacob, 27, 3, 62000
Sophia, 32, 6, 93000
Emily, 24, 2, 47000
Olivia, 30, 5, 79000
Henry, 25, 2, 54000
Emma, 28, 4, 85000
Harper, 23, 1, 44000
Liam, 33, 7, 99000
Ava, 26, 3, 66000
Lucas, 31, 6, 89000
Avery, 29, 5, 75000
Madison, 27, 3, 63000
Carter, 24, 2, 46000
Isabella, 30, 6, 90000
Evelyn, 32, 7, 97000
Michael, 22, 1, 41000
Lucas, 28, 4, 86000
Abigail, 25, 2, 53000
Harper, 26, 3, 65000
Olivia, 32, 7, 95000
Ella, 29, 5, 76000
Benjamin, 24, 2, 48000
Emily, 30, 6, 91000
Grace, 23, 1, 44000
Sophia, 27, 3, 61000
Ava, 26, 3, 64000
Olivia, 30, 6, 90000
Henry, 22, 1, 40000
Liam, 34, 7, 98000
Ella, 29, 5, 75000
Benjamin, 24, 2, 48000
Ethan, 32, 6, 93000
Charlotte, 26, 3, 66000
Lily, 25, 2, 51000
Sophia, 28, 4, 83000
Evelyn, 31, 6, 88000
Madison, 23, 1, 44000
James, 27, 3, 62000
Oliver, 33, 7, 97000
Ava, 30, 5, 80000
Isabella, 22, 1, 40000
Lucas, 28, 4, 86000
Emma, 25, 2, 53000
Harper, 26, 3, 65000
Olivia, 32, 7, 95000
Henry, 29, 5, 77000
Ella, 24, 2, 47000
Avery, 31, 6, 87000
Lucas, 27, 3, 61000
Evelyn, 30, 5, 80000
Ava, 28, 4, 84000
Ella, 22, 1, 40000
Isabella, 26, 3, 64000
Charlotte, 31, 6, 89000
Oliver, 29, 4, 82000
Harper, 25, 2, 54000
Emma, 32, 6, 94000
Jacob, 26, 3, 63000
Sophia, 33, 7, 97000
Ella, 22, 1, 42000
Oliver, 30, 5, 79000
Emily, 28, 4, 82000
Avery, 33, 7, 96000
William, 31, 6, 88000
Mia, 29, 5, 75000
Grace, 23, 1, 41000
Sophia, 27, 3, 62000
Henry, 30, 5, 79000
Lily, 28, 4, 84000
James, 24, 2, 46000
Emma, 26, 3, 65000
Ava, 32, 6, 92000
Jacob, 25, 2, 55000
Sophia, 31, 6, 89000
Ella, 29, 4, 81000
Oliver, 23, 1, 42000
John, 27, 3, 61000
Sam, 33, 7, 97000
Avery, 30, 5, 80000
Lucas, 22, 1, 43000
Emily, 28, 4, 86000
Isabella, 25, 2, 52000
Grace, 26, 3, 65000
Olivia, 32, 7, 95000
Ava, 29, 5, 76000
Jacob, 24, 2, 48000
Ella, 30, 6, 90000
Mia, 23, 1, 44000
Henry, 27, 3, 62000
Sophia, 32, 6, 93000
Avery, 31, 6, 89000
Liam, 28, 4, 83000
Evelyn, 22, 1, 43000
Sam, 34, 7, 98000
Oliver, 29, 5, 77000
Sophia, 24, 2, 46000
Emily, 32, 6, 94000
Ava, 26, 3, 64000
Lucas, 31, 6, 87000
Mia, 28, 4, 85000
Isabella, 25, 2, 53000
Liam, 23, 1, 41000
Grace, 29, 5, 77000
Jacob, 27, 3, 62000
Avery, 33, 7, 96000
Ella, 30, 5, 80000
Olivia, 22, 1, 40000
James, 28, 4, 86000
Charlotte, 26, 3, 66000
Michael, 31, 6, 89000
Sophia, 30, 5, 80000
Jacob, 27, 3, 63000
Evelyn, 22, 1, 40000
Sam, 34, 7, 98000
Luke, 29, 5, 76000
Sophia, 24, 2, 47000
Liam, 32, 6, 92000
Ella, 30, 6, 91000
William, 26, 3, 64000
Mia, 31, 6, 88000
Avery, 29, 5, 75000
Olivia, 23, 1, 44000
Evelyn, 27, 4, 72000
Sophia, 32, 7, 95000
William, 24, 2, 46000
James, 30, 5, 78000
Sam, 22, 1, 42000
Charlotte, 33, 7, 99000
Ava, 25, 2, 54000
Liam, 31, 6, 88000
Emily, 28, 4, 86000
Isabella, 26, 3, 66000
Lucas, 29, 5, 75000
Oliver, 23, 1, 41000
Jacob, 30, 5, 80000
Mia, 33, 7, 96000
Avery, 27, 3, 63000
Ella, 32, 6, 92000
Sophia, 28, 4, 83000
William, 24, 2, 46000
Evelyn, 31, 6, 87000
Olivia, 29, 4, 82000
Emily, 25, 2, 53000
Liam, 22, 1, 44000
Sam, 26, 3, 65000
Jacob, 31, 6, 89000
Isabella, 30, 5, 79000
Mia, 28, 4, 84000
Avery, 23, 1, 42000
Lucas, 33, 7, 99000
Sophia, 25, 2, 52000
Ella, 29, 5, 76000
William, 26, 3, 66000
Oliver, 32, 6, 93000
Grace, 27, 3, 62000
Emily, 23, 1, 44000
Jacob, 30, 6, 91000
Avery, 32, 6, 92000
Isabella, 29, 4, 81000
Sophia, 22, 1, 43000
Mia, 28, 4, 84000
Sam, 25, 2, 55000
Olivia, 27, 3, 61000
Jacob, 30, 5, 80000
Sophia, 33, 7, 97000
Liam, 31, 6, 89000
Ella, 23, 1, 44000
William, 26, 3, 66000
Lucas, 29, 5, 75000
Emily, 24, 2, 46000
Oliver, 30, 5, 79000
Mia, 28, 4, 82000
Avery, 32, 6, 93000
Jacob, 25, 2, 54000
Ella, 27, 3, 62000
Sophia, 31, 6, 89000
Olivia, 29, 5, 76000
Grace, 24, 2, 48000
William, 30, 5, 80000
Liam, 22, 1, 42000
Avery, 26, 3, 64000
Emily, 34, 7, 98000
Jacob, 32, 6, 92000
Mia, 31, 6, 88000
Olivia, 23, 1, 44000
Ella, 27, 3, 61000
Sam, 28, 4, 82000
Sophia, 31, 5, 67000
John, 26, 2, 45000
Martha, 25, 2, 55000
Emily, 29, 6, 94000
William, 30, 5, 78000
Michael, 23, 1, 41000
Luke, 33, 7, 99000
Olivia, 27, 4, 72000
Grace, 24, 3, 60000
Alice, 28, 4, 83000
Ethan, 32, 6, 92000
Lily, 23, 1, 42000
James, 31, 5, 76000
Mia, 25, 2, 53000
Benjamin, 30, 5, 80000
Ava, 34, 7, 98000
Oliver, 29, 4, 71000
Charlotte, 22, 1, 43000
Jacob, 27, 3, 62000
Sophia, 32, 6, 93000
Emily, 24, 2, 47000
Olivia, 30, 5, 79000
Henry, 25, 2, 54000
Emma, 28, 4, 85000
Harper, 23, 1, 44000
Liam, 33, 7, 99000
Ava, 26, 3, 66000
Lucas, 31, 6, 89000
Avery, 29, 5, 75000
Madison, 27, 3, 63000
Carter, 24, 2, 46000
Isabella, 30, 6, 90000
Evelyn, 32, 7, 97000
Michael, 22, 1, 41000
Lucas, 28, 4, 86000
Abigail, 25, 2, 53000
Harper, 26, 3, 65000
Olivia, 32, 7, 95000
Ella, 29, 5, 76000
Benjamin, 24, 2, 48000
Emily, 30, 6, 91000
Grace, 23, 1, 44000
Sophia, 27, 3, 61000
Ava, 26, 3, 64000
Olivia, 30, 6, 90000
Henry, 22, 1, 40000
Liam, 34, 7, 98000
Ella, 29, 5, 75000
Benjamin, 24, 2, 48000
Ethan, 32, 6, 93000
Charlotte, 26, 3, 66000
Lily, 25, 2, 51000
Sophia, 28, 4, 83000
Evelyn, 31, 6, 88000
Madison, 23, 1, 44000
James, 27, 3, 62000
Oliver, 33, 7, 97000
Ava, 30, 5, 80000
Isabella, 22, 1, 40000
Lucas, 28, 4, 86000
Emma, 25, 2, 53000
Harper, 26, 3, 65000
Olivia, 32, 7, 95000
Henry, 29, 5, 77000
Ella, 24, 2, 47000
Avery, 31, 6, 87000
Lucas, 27, 3, 61000
Evelyn, 30, 5, 80000
Ava, 28, 4, 84000
Ella, 22, 1, 40000
Isabella, 26, 3, 64000
Charlotte, 31, 6, 89000
Oliver, 29, 4, 82000
Harper, 25, 2, 54000
Emma, 32, 6, 94000
Jacob, 26, 3, 63000
Sophia, 33, 7, 97000
Ella, 22, 1, 42000
Oliver, 30, 5, 79000
Emily, 28, 4, 82000
Avery, 33, 7, 96000
William, 31, 6, 88000
Mia, 29, 5, 75000
Grace, 23, 1, 41000
Sophia, 27, 3, 62000
Henry, 30, 5, 79000
Lily, 28, 4, 84000
James, 24, 2, 46000
Emma, 26, 3, 65000
Ava, 32, 6, 92000
Jacob, 25, 2, 55000
Sophia, 31, 6, 89000
Ella, 29, 4, 81000
Oliver, 23, 1, 42000
John, 27, 3, 61000
Sam, 33, 7, 97000
Avery, 30, 5, 80000
Lucas, 22, 1, 43000
Emily, 28, 4, 86000
Isabella, 25, 2, 52000
Grace, 26, 3, 65000
Olivia, 32, 7, 95000
Ava, 29, 5, 76000
Jacob, 24, 2, 48000
Ella, 30, 6, 90000
Mia, 23, 1, 44000
Henry, 27, 3, 62000
Sophia, 32, 6, 93000
Avery, 31, 6, 89000
Liam, 28, 4, 83000
Evelyn, 22, 1, 43000
Sam, 34, 7, 98000
Oliver, 29, 5, 77000
Sophia, 24, 2, 46000
Emily, 32, 6, 94000
Ava, 26, 3, 64000
Lucas, 31, 6, 87000
Mia, 28, 4, 85000
Isabella, 25, 2, 53000
Liam, 23, 1, 41000
Grace, 29, 5, 77000
Jacob, 27, 3, 62000
Avery, 33, 7, 96000
Ella, 30, 5, 80000
Olivia, 22, 1, 40000
James, 28, 4, 86000
Charlotte, 26, 3, 66000
Michael, 31, 6, 89000
Sophia, 30, 5, 80000
Jacob, 27, 3, 63000
Evelyn, 22, 1, 40000
Sam, 34, 7, 98000
Luke, 29, 5, 76000
Sophia, 24, 2, 47000
Liam, 32, 6, 92000
Ella, 30, 6, 91000
William, 26, 3, 64000
Mia, 31, 6, 88000
Avery, 29, 5, 75000
Olivia, 23, 1, 44000
Evelyn, 27, 4, 72000
Sophia, 32, 7, 95000
William, 24, 2, 46000
James, 30, 5, 78000
Sam, 22, 1, 42000
Charlotte, 33, 7, 99000
Ava, 25, 2, 54000
Liam, 31, 6, 88000
Emily, 28, 4, 86000
Isabella, 26, 3, 66000
Lucas, 29, 5, 75000
Oliver, 23, 1, 41000
Jacob, 30, 5, 80000
Mia, 33, 7, 96000
Avery, 27, 3, 63000
Ella, 32, 6, 92000
Sophia, 28, 4, 83000
William, 24, 2, 46000
Evelyn, 31, 6, 87000
Olivia, 29, 4, 82000
Emily, 25, 2, 53000
Liam, 22, 1, 44000
Sam, 26, 3, 65000
Jacob, 31, 6, 89000
Isabella, 30, 5, 79000
Mia, 28, 4, 84000
Avery, 23, 1, 42000
Lucas, 33, 7, 99000
Sophia, 25, 2, 52000
Ella, 29, 5, 76000
William, 26, 3, 66000
Oliver, 32, 6, 93000
Grace, 27, 3, 62000
Emily, 23, 1, 44000
Jacob, 30, 6, 91000
Avery, 32, 6, 92000
Isabella, 29, 4, 81000
Sophia, 22, 1, 43000
Mia, 28, 4, 84000
Sam, 25, 2, 55000
Olivia, 27, 3, 61000
Jacob, 30, 5, 80000
Sophia, 33, 7, 97000
Liam, 31, 6, 89000
Ella, 23, 1, 44000
William, 26, 3, 66000
Lucas, 29, 5, 75000
Emily, 24, 2, 46000
Oliver, 30, 5, 79000
Mia, 28, 4, 82000
Avery, 32, 6, 93000
Jacob, 25, 2, 54000
Ella, 27, 3, 62000
Sophia, 31, 6, 89000
Olivia, 29, 5, 76000
Grace, 24, 2, 48000
William, 30, 5, 80000
Liam, 22, 1, 42000
Avery, 26, 3, 64000
Emily, 34, 7, 98000
Jacob, 32, 6, 92000
Mia, 31, 6, 88000
Olivia, 23, 1, 44000
Ella, 27, 3, 61000
Sam, 28, 4, 82000
Sophia, 31, 5, 67000
John, 26, 2, 45000
Martha, 25, 2, 55000
Emily, 29, 6, 94000
William, 30, 5, 78000
Michael, 23, 1, 41000
Luke, 33, 7, 99000
Olivia, 27, 4, 72000
Grace, 24, 3, 60000
Alice, 28, 4, 83000
Ethan, 32, 6, 92000